Column,Description
Order,Order of BBLs on the disclosure data set
Property Name,Basic property information includes property name. 
Parent Property Id,The ID for the campus is referred to as the Parent Property ID.
Parent Property Name,"When you are benchmark a campus (or, collection of buildings) you can track information for the entire campus, as well as for individual buildings on the campus. If you choose to track at both of these levels, then you have ""parent-child"" relationship. The ""parent"" is the entire campus or complex. That is, the parent is the multi-building property for which you have also chosen to benchmark individual buildings separately."
Street Number,"House number for the property, per DOF records."
Street Name,"Street name for the property, per DOF records."
Borough,"Borough for the property, per DOF records."
Primary Property Type - Self Selected,Self-reported property type options available in Portfolio Manager.
List of All Property Use Types at Property,"A comma delimited list of all the property types for a single property, in alphabetical order."
Largest Property Use Type,The name of the Property Type (ex: Office) that has the largest Gross Floor Area (GFA) for that property.
Largest Property Use Type - Gross Floor Area (ft²),The GFA for the largest Property Type.
2nd Largest Property Use Type,The name of the Property Type (ex: Office) that has the second largest GFA for that property.
2nd Largest Property Use - Gross Floor Area (ft²),The GFA for the second largest Property Type.
3rd Largest Property Use Type,The name of the Property Type (ex: Office) that has the third largest GFA for that property.
3rd Largest Property Use Type - Gross Floor Area (ft²),The GFA for the third largest Property Type.
Year Built,"This is the year in which your property was constructed. If your property has undergone a complete renovation that included gutting and rebuilding the interior, then you can indicate the date of this renovation as the year built. If you don't know the exact year the property was built, enter an estimate."
Occupancy,The percentage of your property’s Gross Floor Area (GFA) that is occupied and operational.
Metered Areas (Energy),Metered Areas is a designation of what areas within your building are covered by your energy and water meters.
Metered Areas  (Water),Metered Areas is a designation of what areas within your building are covered by your energy and water meters.
ENERGY STAR Score,"1-to-100 percentile ranking for specified building types, calculated in Portfolio Manager, based on self-reported energy usage for the reporting year."
Source EUI (kBtu/ft²),"Energy use intensity as calculated by Portfolio Manager at the source of energy generation in kBtus per gross square foot (kBtu/ft2), for the reporting year."
Weather Normalized Source EUI (kBtu/ft²),"Energy use intensity as calculated by Portfolio Manager at the source of energy generation in kBtus per gross square foot (kBtu/ft2) for the reporting year, normalized for weather."
Site EUI (kBtu/ft²),"Energy use intensity as calculated by Portfolio Manager at the property site in kBtus per gross square foot (kBtu/ft2), for the reporting year."
Weather Normalized Site EUI (kBtu/ft²),"Energy use intensity as calculated by Portfolio Manager at the property site in kBtus per gross square foot (kBtu/ft2) for the reporting year, normalized for weather."
Weather Normalized Site Electricity Intensity (kWh/ft²),Weather Normalized Site Energy divided by property size or by flow through a water/wastewater treatment plant.
Weather Normalized Site Natural Gas Intensity (therms/ft²),Weather Normalized Site Energy divided by property size or by flow through a water/wastewater treatment plant.
Fuel Oil #1 Use (kBtu),Energy Use by Type is a summary of the annual consumption of an individual type of energy. Annual totals are available for Fuel Oil # 1.
Fuel Oil #2 Use (kBtu),Energy Use by Type is a summary of the annual consumption of an individual type of energy. Annual totals are available for Fuel Oil # 2.
Fuel Oil #4 Use (kBtu),Energy Use by Type is a summary of the annual consumption of an individual type of energy. Annual totals are available for Fuel Oil # 4.
Fuel Oil #5 & 6 Use (kBtu),Energy Use by Type is a summary of the annual consumption of an individual type of energy. Annual totals are available for Fuel Oil # 5&6.
Diesel #2 Use (kBtu),Energy Use by Type is a summary of the annual consumption of an individual type of energy. Annual totals are available for Diesel #2. 
District Steam Use (kBtu),Energy Use by Type is a summary of the annual consumption of an individual type of energy. Annual totals are available for District Steam. 
Natural Gas Use (kBtu),Energy Use by Type is a summary of the annual consumption of an individual type of energy. Annual totals are available for Natural Gas.
Weather Normalized Site Natural Gas Use (therms),The energy use your property would have consumed during 30-year average weather conditions
Electricity Use - Grid Purchase (kBtu),Energy Use by Type is a summary of the annual consumption of an individual type of energy. Annual totals are available for Electricity Use - Grid Purchase. 
Weather Normalized Site Electricity (kWh),The energy use your property would have consumed during 30-year average weather conditions
Total GHG Emissions (Metric Tons CO2e),"The total direct and indirect greenhouse gases emitted by the property, reported in metric tons of carbon dioxide equivalent (MtCO2e) for the reporting year."
Direct GHG Emissions (Metric Tons CO2e),"The total direct greenhouse gases emitted by the property, reported in metric tons of carbon dioxide equivalent (MtCO2e) for the reporting year."
Indirect GHG Emissions (Metric Tons CO2e),"The total indirect greenhouse gases emitted by the property, reported in metric tons of carbon dioxide equivalent (MtCO2e) for the reporting year."
Water Use (All Water Sources) (kgal),Sum of all water meters.
DOF Benchmarking Submission Status,Benchmarking Submission Status.
